User,Domain,Day,FileName,VariableName,Samples,Features,ExpectedFeatures,DimensionValid,NaNCount,InfCount,GlobalMean,GlobalSD
U01,FreqD,FDay,U01_Acc_FreqD_FDay.mat,Acc_FD_Feat_Vec,36,43,43,1,0,0,0.177099105956534,0.307503503558259
U01,FreqD,MDay,U01_Acc_FreqD_MDay.mat,Acc_FD_Feat_Vec,36,43,43,1,0,0,0.17512049993679,0.307128820036394
U01,TimeD,FDay,U01_Acc_TimeD_FDay.mat,Acc_TD_Feat_Vec,36,88,88,1,0,0,11.8450513976167,37.0179753022699
U01,TimeD_FreqD,FDay,U01_Acc_TimeD_FreqD_FDay.mat,Acc_TDFD_Feat_Vec,36,131,131,1,0,0,8.0151128591328,30.829992861758
U01,TimeD_FreqD,MDay,U01_Acc_TimeD_FreqD_MDay.mat,Acc_TDFD_Feat_Vec,36,131,131,1,0,0,8.00616979874845,30.6862596970173
U01,TimeD,MDay,U01_Acc_TimeD_MDay.mat,Acc_TD_Feat_Vec,36,88,88,1,0,0,11.8327052515769,36.8408229488575
U02,FreqD,FDay,U02_Acc_FreqD_FDay.mat,Acc_FD_Feat_Vec,36,43,43,1,0,0,0.15795573075,0.28583739945077
U02,FreqD,MDay,U02_Acc_FreqD_MDay.mat,Acc_FD_Feat_Vec,36,43,43,1,0,0,0.147776253623762,0.275841944322921
U02,TimeD,FDay,U02_Acc_TimeD_FDay.mat,Acc_TD_Feat_Vec,36,88,88,1,0,0,11.9462514411838,33.0436921916319
U02,TimeD_FreqD,FDay,U02_Acc_TimeD_FreqD_FDay.mat,Acc_TDFD_Feat_Vec,36,131,131,1,0,0,8.07681086447654,27.6419831051131
U02,TimeD_FreqD,MDay,U02_Acc_TimeD_FreqD_MDay.mat,Acc_TDFD_Feat_Vec,36,131,131,1,0,0,8.06965421706497,27.2632000814226
U02,TimeD,MDay,U02_Acc_TimeD_MDay.mat,Acc_TD_Feat_Vec,36,88,88,1,0,0,11.9405718582919,32.5713200499589
U03,FreqD,FDay,U03_Acc_FreqD_FDay.mat,Acc_FD_Feat_Vec,36,43,43,1,0,0,0.177723047636331,0.307049551051351
U03,FreqD,MDay,U03_Acc_FreqD_MDay.mat,Acc_FD_Feat_Vec,36,43,43,1,0,0,0.173156708062056,0.300266555461789
U03,TimeD,FDay,U03_Acc_TimeD_FDay.mat,Acc_TD_Feat_Vec,36,88,88,1,0,0,11.9406046419249,33.2683235845017
U03,TimeD_FreqD,FDay,U03_Acc_TimeD_FreqD_FDay.mat,Acc_TDFD_Feat_Vec,36,131,131,1,0,0,8.07950610334164,27.8200759766139
U03,TimeD_FreqD,MDay,U03_Acc_TimeD_FreqD_MDay.mat,Acc_TDFD_Feat_Vec,36,131,131,1,0,0,8.0799210795823,26.9397733716161
U03,TimeD,MDay,U03_Acc_TimeD_MDay.mat,Acc_TD_Feat_Vec,36,88,88,1,0,0,11.9434536702115,32.1707718193732
U04,FreqD,FDay,U04_Acc_FreqD_FDay.mat,Acc_FD_Feat_Vec,36,43,43,1,0,0,0.168153648881209,0.301865070012551
U04,FreqD,MDay,U04_Acc_FreqD_MDay.mat,Acc_FD_Feat_Vec,36,43,43,1,0,0,0.167100044508421,0.304111233908415
U04,TimeD,FDay,U04_Acc_TimeD_FDay.mat,Acc_TD_Feat_Vec,36,88,88,1,0,0,11.864938494265,36.3354505780422
U04,TimeD_FreqD,FDay,U04_Acc_TimeD_FreqD_FDay.mat,Acc_TDFD_Feat_Vec,36,131,131,1,0,0,8.02553583509321,30.2821331536034
U04,TimeD_FreqD,MDay,U04_Acc_TimeD_FreqD_MDay.mat,Acc_TDFD_Feat_Vec,36,131,131,1,0,0,8.02074187562213,29.2511470890231
U04,TimeD,MDay,U04_Acc_TimeD_MDay.mat,Acc_TD_Feat_Vec,36,88,88,1,0,0,11.85831686128,35.0560707519323
U05,FreqD,FDay,U05_Acc_FreqD_FDay.mat,Acc_FD_Feat_Vec,36,43,43,1,0,0,0.165077584207591,0.306206497752239
U05,FreqD,MDay,U05_Acc_FreqD_MDay.mat,Acc_FD_Feat_Vec,36,43,43,1,0,0,0.162356898951037,0.305580216218215
U05,TimeD,FDay,U05_Acc_TimeD_FDay.mat,Acc_TD_Feat_Vec,36,88,88,1,0,0,11.8947699069651,40.1140687631167
U05,TimeD_FreqD,FDay,U05_Acc_TimeD_FreqD_FDay.mat,Acc_TDFD_Feat_Vec,36,131,131,1,0,0,8.044565556747,33.3348289614046
U05,TimeD_FreqD,MDay,U05_Acc_TimeD_FreqD_MDay.mat,Acc_TDFD_Feat_Vec,36,131,131,1,0,0,8.03073634352553,31.0408641461956
U05,TimeD,MDay,U05_Acc_TimeD_MDay.mat,Acc_TD_Feat_Vec,36,88,88,1,0,0,11.8755126630335,37.2747632162461
U06,FreqD,FDay,U06_Acc_FreqD_FDay.mat,Acc_FD_Feat_Vec,36,43,43,1,0,0,0.171922400498446,0.309690758266167
U06,FreqD,MDay,U06_Acc_FreqD_MDay.mat,Acc_FD_Feat_Vec,36,43,43,1,0,0,0.172262518600032,0.309593374447411
U06,TimeD,FDay,U06_Acc_TimeD_FDay.mat,Acc_TD_Feat_Vec,36,88,88,1,0,0,11.8624554960905,40.1022963159442
U06,TimeD_FreqD,FDay,U06_Acc_TimeD_FreqD_FDay.mat,Acc_TDFD_Feat_Vec,36,131,131,1,0,0,8.02510493799543,33.3222891858924
U06,TimeD_FreqD,MDay,U06_Acc_TimeD_FreqD_MDay.mat,Acc_TDFD_Feat_Vec,36,131,131,1,0,0,8.02737903422623,32.8646133251863
U06,TimeD,MDay,U06_Acc_TimeD_MDay.mat,Acc_TD_Feat_Vec,36,88,88,1,0,0,11.8656746043618,39.5357234409216
U07,FreqD,FDay,U07_Acc_FreqD_FDay.mat,Acc_FD_Feat_Vec,36,43,43,1,0,0,0.136301482602503,0.271385322157284
U07,FreqD,MDay,U07_Acc_FreqD_MDay.mat,Acc_FD_Feat_Vec,36,43,43,1,0,0,0.136301482602503,0.271385322157284
U07,TimeD,FDay,U07_Acc_TimeD_FDay.mat,Acc_TD_Feat_Vec,36,88,88,1,0,0,11.8464714038714,33.9453190114818
U07,TimeD_FreqD,FDay,U07_Acc_TimeD_FreqD_FDay.mat,Acc_TDFD_Feat_Vec,36,131,131,1,0,0,8.00267517017246,28.3591418983918
U07,TimeD_FreqD,MDay,U07_Acc_TimeD_FreqD_MDay.mat,Acc_TDFD_Feat_Vec,36,131,131,1,0,0,8.00267517017246,28.3591418983918
U07,TimeD,MDay,U07_Acc_TimeD_MDay.mat,Acc_TD_Feat_Vec,36,88,88,1,0,0,11.8464714038714,33.9453190114818
U08,FreqD,FDay,U08_Acc_FreqD_FDay.mat,Acc_FD_Feat_Vec,36,43,43,1,0,0,0.142015603736657,0.280377295677934
U08,FreqD,MDay,U08_Acc_FreqD_MDay.mat,Acc_FD_Feat_Vec,36,43,43,1,0,0,0.136228231596809,0.272205925024122
U08,TimeD,FDay,U08_Acc_TimeD_FDay.mat,Acc_TD_Feat_Vec,36,88,88,1,0,0,11.8455050713084,33.4970878050969
U08,TimeD_FreqD,FDay,U08_Acc_TimeD_FreqD_FDay.mat,Acc_TDFD_Feat_Vec,36,131,131,1,0,0,8.00390165828869,27.9982701177342
U08,TimeD_FreqD,MDay,U08_Acc_TimeD_FreqD_MDay.mat,Acc_TDFD_Feat_Vec,36,131,131,1,0,0,7.99029018788815,28.2172091377086
U08,TimeD,MDay,U08_Acc_TimeD_MDay.mat,Acc_TD_Feat_Vec,36,88,88,1,0,0,11.8280704619851,33.7708491134841
U09,FreqD,FDay,U09_Acc_FreqD_FDay.mat,Acc_FD_Feat_Vec,36,43,43,1,0,0,0.129993926172012,0.273732957244921
U09,FreqD,MDay,U09_Acc_FreqD_MDay.mat,Acc_FD_Feat_Vec,36,43,43,1,0,0,0.136405208882349,0.279852895295141
U09,TimeD,FDay,U09_Acc_TimeD_FDay.mat,Acc_TD_Feat_Vec,36,88,88,1,0,0,11.8543153702127,34.6194434933045
U09,TimeD_FreqD,FDay,U09_Acc_TimeD_FreqD_FDay.mat,Acc_TDFD_Feat_Vec,36,131,131,1,0,0,8.00587398018405,28.9026057250965
U09,TimeD_FreqD,MDay,U09_Acc_TimeD_FreqD_MDay.mat,Acc_TDFD_Feat_Vec,36,131,131,1,0,0,8.02003867713324,27.7126451022041
U09,TimeD,MDay,U09_Acc_TimeD_MDay.mat,Acc_TD_Feat_Vec,36,88,88,1,0,0,11.8722686673013,33.1378272915108
U10,FreqD,FDay,U10_Acc_FreqD_FDay.mat,Acc_FD_Feat_Vec,36,43,43,1,0,0,0.165461483681242,0.285724649616491
U10,FreqD,MDay,U10_Acc_FreqD_MDay.mat,Acc_FD_Feat_Vec,36,43,43,1,0,0,0.175371896070892,0.342499663618605
U10,TimeD,FDay,U10_Acc_TimeD_FDay.mat,Acc_TD_Feat_Vec,36,88,88,1,0,0,11.8172631805117,30.1356445804695
U10,TimeD_FreqD,FDay,U10_Acc_TimeD_FreqD_FDay.mat,Acc_TDFD_Feat_Vec,36,131,131,1,0,0,7.99262598231541,25.2975431653003
U10,TimeD_FreqD,MDay,U10_Acc_TimeD_FreqD_MDay.mat,Acc_TDFD_Feat_Vec,36,131,131,1,0,0,8.01868765488375,25.3369830970084
U10,TimeD,MDay,U10_Acc_TimeD_MDay.mat,Acc_TD_Feat_Vec,36,88,88,1,0,0,11.8512169461219,30.1815943517115
