Repeat,Rank,Feature,MRMRScore
1,1,40,1.42993718273754
1,2,106,0.780126652150787
1,3,42,0.756331955328086
1,4,90,0.040472875460887
1,5,102,4.50804298115482e-14
1,6,96,3.00826751061001e-14
1,7,62,2.49057139014562e-14
1,8,74,2.40660487902382e-14
1,9,32,2.35677099215005e-14
1,10,127,2.35677099215005e-14
1,11,94,2.28017986455122e-14
1,12,69,1.56488345893588e-14
1,13,60,1.55556549730376e-14
1,14,34,1.44413877026725e-14
1,15,88,1.42938912319141e-14
1,16,58,1.22706872820613e-14
1,17,15,1.21418017202103e-14
1,18,78,1.18243415990693e-14
1,19,45,1.14550310783727e-14
1,20,11,1.10551535442257e-14
1,21,44,1.09385907946519e-14
1,22,107,1.08398422629987e-14
1,23,22,1.08064468889207e-14
1,24,26,1.04660696184095e-14
1,25,27,9.27636848659555e-15
1,26,3,9.15148702813213e-15
1,27,13,9.15148702813213e-15
1,28,30,8.22388563330081e-15
1,29,10,7.95650382245686e-15
1,30,67,7.91150875623283e-15
1,31,17,7.78751163599206e-15
1,32,61,7.37339761178439e-15
1,33,49,7.22835574051139e-15
1,34,68,6.95686533551338e-15
1,35,2,6.94641030510252e-15
1,36,99,6.84622135052273e-15
1,37,1,6.49376317805372e-15
1,38,24,6.18957629951339e-15
1,39,41,6.06973999712831e-15
1,40,72,5.98862527173806e-15
1,41,77,5.88353342042445e-15
1,42,12,5.85378521799884e-15
1,43,35,5.42335236987841e-15
1,44,28,5.3974852721254e-15
1,45,51,5.18783550416084e-15
1,46,76,5.00277989298482e-15
1,47,81,4.99794666454888e-15
1,48,21,4.93798389506344e-15
1,49,16,4.93798389506344e-15
1,50,33,4.93798389506344e-15
1,51,75,4.82889463566922e-15
1,52,20,4.79252947867651e-15
1,53,80,4.70397332141921e-15
1,54,53,4.62602269226017e-15
1,55,66,4.61778149504087e-15
1,56,7,4.48307261696068e-15
1,57,46,4.2996962778811e-15
1,58,105,4.26506704732327e-15
1,59,18,4.20883762547271e-15
1,60,128,4.0728964381829e-15
1,61,31,3.82138261221423e-15
1,62,5,3.80402030388678e-15
1,63,98,3.69861724305689e-15
1,64,4,3.6181139432492e-15
1,65,63,3.60299833613277e-15
1,66,19,3.56814390031493e-15
1,67,14,3.46455205761549e-15
1,68,47,3.38534246911493e-15
1,69,122,3.35625636037079e-15
1,70,48,3.2541280809082e-15
1,71,25,3.20959518228e-15
1,72,50,3.13609530915439e-15
1,73,39,3.11733822139933e-15
1,74,97,3.11733822139933e-15
1,75,116,3.11547412233188e-15
1,76,36,3.09501057561581e-15
1,77,59,3.0803078212205e-15
1,78,8,2.95052119000524e-15
1,79,101,2.93090551731958e-15
1,80,9,2.92375533743328e-15
1,81,113,2.91873384975034e-15
1,82,93,2.82557740892261e-15
1,83,55,2.81283686535222e-15
1,84,123,2.81283686535222e-15
1,85,6,2.6760574007053e-15
1,86,95,2.62832074875829e-15
1,87,82,2.60713915874547e-15
1,88,130,2.57957957025849e-15
1,89,23,2.57381519100993e-15
1,90,52,2.50878611977012e-15
1,91,115,2.50355688900459e-15
1,92,86,2.39420366242253e-15
1,93,29,2.39104410310496e-15
1,94,124,2.34094580076752e-15
1,95,37,2.33676122575511e-15
1,96,38,2.31787115799637e-15
1,97,79,2.31434530289929e-15
1,98,85,2.31434530289929e-15
1,99,83,2.31434530289929e-15
1,100,129,2.30368819121956e-15
1,101,100,2.221334026034e-15
1,102,43,2.18365808068738e-15
1,103,64,2.18248769123625e-15
1,104,71,2.1557890922379e-15
1,105,103,2.1557890922379e-15
1,106,126,2.14091642895538e-15
1,107,89,2.12212759643308e-15
1,108,117,2.1176410484457e-15
1,109,108,2.04111844898158e-15
1,110,56,2.00125325895003e-15
1,111,104,1.8062537703303e-15
1,112,118,1.74451291497277e-15
1,113,70,1.70483736876272e-15
1,114,114,1.60315452691919e-15
1,115,109,1.30240813936176e-15
1,116,73,1.19942868365689e-15
1,117,125,1.15658335905721e-15
1,118,65,9.67113302946716e-16
1,119,119,9.67113302946716e-16
1,120,54,6.56828839046306e-16
1,121,57,5.56062374796899e-16
1,122,84,1.53985712138081e-28
1,123,87,1.48848753853009e-28
1,124,91,1.48848753853009e-28
1,125,92,1.11274834088184e-28
1,126,110,0
1,127,111,0
1,128,112,0
1,129,120,0
1,130,121,0
1,131,131,0
2,1,40,1.40895549958241
2,2,107,0.488159810601799
2,3,62,0.475503867117093
2,4,42,0.114039048366541
2,5,87,0.00547139245621214
2,6,102,0.00547139245621214
2,7,30,0.00343615626451432
2,8,75,0.00316851354894593
2,9,34,0.00304784817188938
2,10,60,0.00303008149882645
2,11,88,0.00297155979851173
2,12,26,0.00258798361518835
2,13,12,0.00256880670208169
2,14,13,0.00223390181878296
2,15,76,0.00213597754455169
2,16,32,0.00200221534777598
2,17,127,0.00200221534777598
2,18,96,0.00190574025240337
2,19,74,0.00171599779409381
2,20,45,0.00161460691510607
2,21,49,0.00161077051180656
2,22,15,0.00155585817597493
2,23,5,0.00155300265690631
2,24,10,0.00155300265690631
2,25,72,0.00152901941563949
2,26,17,0.00152549284139616
2,27,22,0.00152373284533389
2,28,39,0.00137069795981816
2,29,77,0.00137069795981816
2,30,27,0.00137053329789585
2,31,51,0.00128109570337357
2,32,58,0.00120721869213737
2,33,67,0.00113815141919441
2,34,99,0.00111398397951033
2,35,11,0.00111381815646018
2,36,44,0.00109810897071554
2,37,28,0.00109471917382762
2,38,1,0.00107184626826393
2,39,68,0.00106991348478439
2,40,24,0.00105823969683682
2,41,2,0.00102756504418657
2,42,23,0.00102093736991904
2,43,80,0.00102093736991904
2,44,7,0.00101571543086504
2,45,81,0.000995399079466516
2,46,18,0.000923526767295631
2,47,78,0.000922476530900034
2,48,53,0.000911030828286281
2,49,105,0.000911030828286281
2,50,69,0.000887649339115877
2,51,33,0.000886341560747928
2,52,35,0.000884968198223546
2,53,66,0.000882174420944471
2,54,94,0.000882098073585852
2,55,4,0.000876335247816576
2,56,20,0.000864805325479091
2,57,46,0.000826701047269671
2,58,61,0.000825693031443079
2,59,8,0.000822599949767143
2,60,14,0.000821418338398148
2,61,48,0.000779334717468531
2,62,19,0.00077234143004342
2,63,36,0.00074508864944187
2,64,41,0.000741246206653848
2,65,3,0.00073280109398605
2,66,128,0.000727425210489036
2,67,98,0.000720750458086156
2,68,6,0.000716741924255276
2,69,63,0.000716741924255276
2,70,122,0.000714829335362827
2,71,47,0.000687517848278041
2,72,106,0.000651187901222677
2,73,21,0.000647808352871905
2,74,57,0.000643811723086368
2,75,93,0.000643811723086368
2,76,97,0.000643115916439835
2,77,59,0.00061703799805132
2,78,123,0.000613289394695384
2,79,116,0.000611066502574494
2,80,113,0.000606703320958186
2,81,130,0.000599724841344686
2,82,50,0.000598810833790184
2,83,101,0.000585702061044526
2,84,52,0.000579361116018145
2,85,31,0.000577319618039932
2,86,29,0.000560642401128483
2,87,16,0.000553783554380655
2,88,100,0.000540460548384445
2,89,95,0.000531927956143534
2,90,9,0.00052749255630761
2,91,86,0.000524589393327822
2,92,37,0.000511328635753835
2,93,25,0.000502477052332945
2,94,38,0.000498306450855865
2,95,71,0.000485566774952412
2,96,115,0.000485566774952412
2,97,126,0.000475762163226291
2,98,82,0.000475509967639776
2,99,124,0.000467897419783374
2,100,108,0.000466235654177399
2,101,55,0.000438592698137053
2,102,43,0.000438592698137053
2,103,73,0.000432797102553271
2,104,103,0.000432797102553271
2,105,89,0.000418979737381042
2,106,129,0.000418872610099352
2,107,117,0.000415915621261785
2,108,104,0.00041231593561027
2,109,56,0.00041153471603158
2,110,119,0.00041153471603158
2,111,83,0.000404817252790197
2,112,85,0.000391916858457778
2,113,114,0.000367519044352517
2,114,118,0.000350339089609172
2,115,125,0.000335143482332522
2,116,64,0.000285826602678178
2,117,70,0.000268191533896041
2,118,109,0.000266623324831629
2,119,79,0.000223568122063281
2,120,65,0.000177842695697145
2,121,54,0.000139923005787771
2,122,84,9.64097339776143e-05
2,123,91,8.32580532901513e-05
2,124,92,6.48871200806278e-05
2,125,90,4.06758869847438e-17
2,126,110,0
2,127,111,0
2,128,112,0
2,129,120,0
2,130,121,0
2,131,131,0
3,1,40,1.44433340756357
3,2,106,0.685603808825675
3,3,62,0.665031048766817
3,4,42,0.166877038303325
3,5,90,0.025864131676477
3,6,96,8.44569975579803e-15
3,7,32,7.35005891822555e-15
3,8,26,7.35005891822555e-15
3,9,75,6.8302813543626e-15
3,10,60,5.5004031466144e-15
3,11,45,5.24242788105226e-15
3,12,81,4.93543124876804e-15
3,13,107,4.90962042380121e-15
3,14,34,4.74931462393228e-15
3,15,74,4.58925379723636e-15
3,16,105,3.67219796115614e-15
3,17,49,3.628685252868e-15
3,18,79,3.39523055285494e-15
3,19,22,3.39523055285494e-15
3,20,94,3.35054342205703e-15
3,21,44,2.97941541970254e-15
3,22,17,2.97859715289279e-15
3,23,67,2.92507129300951e-15
3,24,13,2.86679340402089e-15
3,25,30,2.61117095990993e-15
3,26,3,2.54647589758728e-15
3,27,27,2.54647589758728e-15
3,28,10,2.46055144498626e-15
3,29,11,2.36113242711998e-15
3,30,51,2.25269782957975e-15
3,31,68,2.2511663524756e-15
3,32,58,2.24261643405294e-15
3,33,88,2.21304947710528e-15
3,34,77,2.07825375374212e-15
3,35,15,2.04410203467604e-15
3,36,1,1.96585006666731e-15
3,37,99,1.95806270755586e-15
3,38,72,1.86881451655775e-15
3,39,39,1.86382619917844e-15
3,40,24,1.86382619917844e-15
3,41,23,1.85907845453301e-15
3,42,7,1.85907845453301e-15
3,43,127,1.78683193565614e-15
3,44,53,1.78257379699577e-15
3,45,33,1.75412535970743e-15
3,46,2,1.73629467870676e-15
3,47,6,1.70357305172902e-15
3,48,20,1.70357305172902e-15
3,49,76,1.70346778262538e-15
3,50,18,1.68818462030729e-15
3,51,80,1.68478114910047e-15
3,52,66,1.67654600993902e-15
3,53,35,1.66201972513171e-15
3,54,12,1.65312344428193e-15
3,55,46,1.64133349927889e-15
3,56,69,1.61228877263657e-15
3,57,93,1.51603014096047e-15
3,58,8,1.5058202441353e-15
3,59,41,1.46518203936757e-15
3,60,19,1.45017228837468e-15
3,61,48,1.44490048936038e-15
3,62,47,1.42905380441493e-15
3,63,28,1.42592954174356e-15
3,64,14,1.37136993337113e-15
3,65,61,1.32853985966421e-15
3,66,128,1.32248595034759e-15
3,67,98,1.26933218960073e-15
3,68,63,1.2658718536467e-15
3,69,5,1.26191480494977e-15
3,70,122,1.25343753033627e-15
3,71,4,1.2327987314624e-15
3,72,31,1.22258483296493e-15
3,73,116,1.16850715091755e-15
3,74,36,1.16761602002634e-15
3,75,59,1.1597279349252e-15
3,76,50,1.15487015832537e-15
3,77,97,1.12282740523925e-15
3,78,123,1.10626037733119e-15
3,79,21,1.08934607524239e-15
3,80,101,1.08359439566565e-15
3,81,16,1.0487758457035e-15
3,82,130,1.04532822444599e-15
3,83,113,1.00952319490355e-15
3,84,9,1.00114478801938e-15
3,85,29,9.99844789507683e-16
3,86,56,9.85207948254116e-16
3,87,95,9.85207948254116e-16
3,88,86,9.79158664077538e-16
3,89,37,9.57546771703866e-16
3,90,100,9.2192374121431e-16
3,91,43,9.14083591133032e-16
3,92,25,9.11313891051819e-16
3,93,52,9.06326616425125e-16
3,94,83,8.99975312538811e-16
3,95,38,8.99138125670413e-16
3,96,126,8.7829158422349e-16
3,97,124,8.76068636724862e-16
3,98,70,8.73018035615054e-16
3,99,55,8.68929483834572e-16
3,100,82,8.68929483834572e-16
3,101,129,8.62129051129129e-16
3,102,103,8.61102935577909e-16
3,103,115,8.41769662805774e-16
3,104,108,8.41278804123982e-16
3,105,89,8.15966834992451e-16
3,106,85,7.95132892527454e-16
3,107,119,7.95132892527454e-16
3,108,71,7.41506423144549e-16
3,109,118,7.34225584745705e-16
3,110,104,7.10274947493106e-16
3,111,114,6.43494016127385e-16
3,112,117,6.25278848663232e-16
3,113,78,6.07964966432922e-16
3,114,125,5.90899321420007e-16
3,115,64,5.72743015421794e-16
3,116,109,5.39608746612385e-16
3,117,73,4.39581360021239e-16
3,118,65,3.10054386185186e-16
3,119,54,3.10054386185186e-16
3,120,57,3.03424037696549e-16
3,121,102,2.90406642776604e-16
3,122,84,1.02287994004806e-28
3,123,87,9.62951697940115e-29
3,124,91,9.62951697940115e-29
3,125,92,7.21994801851999e-29
3,126,110,0
3,127,111,0
3,128,112,0
3,129,120,0
3,130,121,0
3,131,131,0
4,1,40,1.50204361685323
4,2,106,0.776416465144077
4,3,42,0.752030183428904
4,4,76,0.447010120764545
4,5,91,0.0805962496536339
4,6,62,0.0805962496536339
4,7,96,0.0804749111585675
4,8,32,0.0758117544769502
4,9,74,0.0758117544769502
4,10,127,0.0576697603451192
4,11,69,0.0479901223095463
4,12,21,0.0478737386243583
4,13,45,0.0478737386243583
4,14,60,0.0438228898452768
4,15,30,0.0432483766167766
4,16,44,0.0407109281880607
4,17,80,0.0401169874784304
4,18,11,0.037674094744152
4,19,3,0.0372963320112966
4,20,13,0.0372963320112966
4,21,22,0.0362928248348057
4,22,15,0.0347709996514619
4,23,17,0.0323338890264196
4,24,34,0.0295934439612426
4,25,67,0.0271540764471902
4,26,49,0.0269078823199733
4,27,1,0.0263940333765173
4,28,10,0.0261360574265433
4,29,27,0.0255380288768075
4,30,61,0.0250051168761035
4,31,99,0.0239860485411378
4,32,26,0.0237927596315199
4,33,12,0.0232949988345845
4,34,72,0.0231116736514584
4,35,81,0.0223930284267415
4,36,6,0.022258495895092
4,37,2,0.022258495895092
4,38,24,0.0219368778122785
4,39,77,0.0219176155405482
4,40,37,0.0218504002030763
4,41,18,0.0218504002030763
4,42,70,0.0216010249108565
4,43,68,0.0209225049655731
4,44,28,0.0202674440023932
4,45,35,0.020196796955537
4,46,51,0.0197257926544417
4,47,66,0.0193292493052078
4,48,58,0.0193145858078262
4,49,88,0.0190987461480022
4,50,7,0.018609272217166
4,51,59,0.0185939529146574
4,52,75,0.0184423588897208
4,53,20,0.0181854449386147
4,54,36,0.0179792204605005
4,55,116,0.0174720595563858
4,56,46,0.0169185324112626
4,57,19,0.0166189424718299
4,58,97,0.0161256523914341
4,59,4,0.0159338285362622
4,60,8,0.0158887029308284
4,61,41,0.0157564314669808
4,62,14,0.015710484506123
4,63,47,0.0155261801054134
4,64,33,0.0152064039932243
4,65,25,0.0151762274429742
4,66,38,0.0149984914997764
4,67,122,0.0148870679446062
4,68,93,0.0148790160850459
4,69,63,0.0147775178988139
4,70,5,0.0146579292424571
4,71,128,0.0146431118803393
4,72,107,0.0142876159185011
4,73,31,0.0142633037750955
4,74,48,0.0137569690521098
4,75,56,0.0136651634429805
4,76,94,0.0136651634429805
4,77,50,0.0135881464109942
4,78,98,0.0135066065082459
4,79,113,0.013444414325616
4,80,101,0.0132814272597363
4,81,123,0.0131217271979098
4,82,16,0.0130155985327965
4,83,53,0.013008349980066
4,84,105,0.0126670471450979
4,85,9,0.012572453969182
4,86,57,0.0123082025476551
4,87,83,0.0123082025476551
4,88,39,0.0122098215089221
4,89,100,0.012098446192683
4,90,52,0.0118330038729314
4,91,95,0.0118222796254353
4,92,115,0.0114973227835774
4,93,23,0.0114018794174563
4,94,86,0.0113268553103779
4,95,55,0.0111653171191553
4,96,29,0.0111653171191553
4,97,43,0.0111408538762416
4,98,89,0.0109883011798459
4,99,73,0.0109721564334662
4,100,117,0.0109721564334662
4,101,102,0.01083098522504
4,102,129,0.010608832840746
4,103,124,0.0104710895360376
4,104,85,0.0104132879393214
4,105,108,0.0104132879393214
4,106,82,0.0102500995524985
4,107,126,0.0101841108077397
4,108,130,0.00965877098679229
4,109,71,0.0096094455020373
4,110,103,0.00916230902079615
4,111,119,0.00913078778154416
4,112,104,0.00854943059174177
4,113,118,0.00767579066579051
4,114,114,0.00714515662820704
4,115,78,0.00707568799695126
4,116,109,0.00612795487831276
4,117,64,0.00609163109520111
4,118,125,0.00560206271317601
4,119,90,0.00499967308982244
4,120,79,0.00471427471982702
4,121,65,0.00450895879143895
4,122,54,0.00375009199003446
4,123,84,0.00178163250277992
4,124,92,3.23671606008484e-16
4,125,87,3.23671606008484e-16
4,126,110,0
4,127,111,0
4,128,112,0
4,129,120,0
4,130,121,0
4,131,131,0
5,1,40,1.36221598828653
5,2,106,0.664904603460575
5,3,62,0.645654475961356
5,4,42,0.382611189715414
5,5,92,0.0287191926041355
5,6,96,0.0287191926041355
5,7,24,0.0231112901054132
5,8,74,0.0231112901054132
5,9,45,0.0204943800179759
5,10,75,0.0180195145935782
5,11,44,0.0169379794109767
5,12,60,0.0166865785356164
5,13,21,0.0149801346899149
5,14,30,0.0149801346899149
5,15,81,0.0142162602279758
5,16,107,0.0129558723284014
5,17,34,0.0127904083939772
5,18,76,0.0119754349300133
5,19,13,0.0113263184472797
5,20,127,0.0111796699426
5,21,5,0.0111523742113973
5,22,67,0.0111523742113973
5,23,22,0.0107925265356334
5,24,105,0.00979633745692128
5,25,17,0.00958700778033173
5,26,68,0.00869060594114398
5,27,49,0.0086644700967309
5,28,10,0.00834213537145631
5,29,94,0.00832927097753909
5,30,61,0.00794211361736447
5,31,51,0.00766132987730573
5,32,27,0.00760545992638161
5,33,99,0.00713017573593695
5,34,26,0.00693809005522025
5,35,88,0.00692704286114382
5,36,11,0.00673034952067073
5,37,58,0.00648507142104742
5,38,15,0.00622970052757693
5,39,28,0.00593667532169609
5,40,18,0.00578920254546
5,41,128,0.00569305134872843
5,42,72,0.00565201381124237
5,43,73,0.00534786439792643
5,44,59,0.00534786439792643
5,45,32,0.00534786439792643
5,46,7,0.00523502005375077
5,47,77,0.00512062723319183
5,48,69,0.00492198764258338
5,49,20,0.00483889424940988
5,50,41,0.00470166008674164
5,51,80,0.00460913611482312
5,52,8,0.0045764101132655
5,53,6,0.00457042086440781
5,54,33,0.00457042086440781
5,55,46,0.00440460565307404
5,56,2,0.00433900872216042
5,57,66,0.00427134250957152
5,58,1,0.00411881847488614
5,59,63,0.0040910741731029
5,60,48,0.0040692143022143
5,61,12,0.00403483387347281
5,62,19,0.00400259917486505
5,63,36,0.00400243311515451
5,64,98,0.00399484115155
5,65,47,0.00380748695282021
5,66,122,0.00378862456933315
5,67,4,0.0037271408479012
5,68,50,0.00372416466030034
5,69,14,0.00371751162962858
5,70,31,0.00371252178018663
5,71,116,0.00355513857232105
5,72,35,0.0035096238337443
5,73,3,0.00342121336344634
5,74,53,0.00335989729218086
5,75,101,0.00329577705056789
5,76,39,0.00326151141472333
5,77,93,0.00326151141472333
5,78,123,0.00322180081158594
5,79,97,0.00318332683534337
5,80,25,0.00317576624555739
5,81,9,0.00313336007977008
5,82,56,0.00310878985596302
5,83,113,0.00310878985596302
5,84,130,0.00308127894057281
5,85,82,0.00302410353219891
5,86,16,0.00298131369800566
5,87,95,0.00296806782879398
5,88,23,0.00293020927347396
5,89,89,0.00281158080555228
5,90,124,0.00274676386790669
5,91,52,0.00272236757473995
5,92,100,0.00266003043213035
5,93,38,0.00265765534067309
5,94,29,0.00260409458470506
5,95,86,0.00256280953219308
5,96,37,0.00254625053080975
5,97,85,0.00252783668454062
5,98,43,0.00252783668454062
5,99,115,0.00252424716928644
5,100,70,0.00241475718564644
5,101,83,0.00240169530418941
5,102,55,0.00234159047289418
5,103,129,0.00234159047289418
5,104,103,0.00232727190630773
5,105,126,0.0022807180724572
5,106,119,0.0022200824111817
5,107,108,0.00220283251142768
5,108,71,0.00216050603763973
5,109,117,0.00209781257405812
5,110,118,0.00204014227350684
5,111,104,0.00201506469793568
5,112,114,0.00183344824236977
5,113,54,0.00170679111401908
5,114,78,0.00167899357472811
5,115,125,0.00163406925552116
5,116,109,0.00157325864697042
5,117,79,0.0014009292686331
5,118,64,0.000699002786081849
5,119,90,0.000693819366992932
5,120,65,0.000608538619073037
5,121,102,0.000608538619073037
5,122,84,0.000572843373324999
5,123,57,0.000489987589999444
5,124,87,0.000385941607587452
5,125,91,0.000351383166913623
5,126,110,0
5,127,111,0
5,128,112,0
5,129,120,0
5,130,121,0
5,131,131,0
