Repeat,User,Accuracy,Precision,Recall,Specificity,F1,FAR,FRR,EER,AUC
1,U01,1,1,1,1,1,0,0,0,1
1,U02,0.996913580246914,0.972972972972973,1,0.996527777777778,0.986301369863014,0.00347222222222222,0,0,1
1,U03,0.996913580246914,1,0.972222222222222,1,0.985915492957746,0,0.0277777777777778,0,1
1,U04,0.919753086419753,0.583333333333333,0.972222222222222,0.913194444444444,0.729166666666667,0.0868055555555556,0.0277777777777778,0.0277777777777778,0.996045524691358
1,U05,0.996913580246914,0.972972972972973,1,0.996527777777778,0.986301369863014,0.00347222222222222,0,0.00173611111111111,0.999807098765432
1,U06,1,1,1,1,1,0,0,0,1
1,U08,0.996913580246914,0.972972972972973,1,0.996527777777778,0.986301369863014,0.00347222222222222,0,0,1
1,U09,0.966049382716049,0.777777777777778,0.972222222222222,0.965277777777778,0.864197530864197,0.0347222222222222,0.0277777777777778,0.0277777777777778,0.997974537037037
1,U10,0.891975308641975,1,0.0277777777777778,1,0.054054054054054,0,0.972222222222222,0.0277777777777778,0.996141975308642
2,U01,0.996913580246914,1,0.972222222222222,1,0.985915492957746,0,0.0277777777777778,0,1
2,U02,1,1,1,1,1,0,0,0,1
2,U03,1,1,1,1,1,0,0,0,1
2,U04,0.996913580246914,1,0.972222222222222,1,0.985915492957746,0,0.0277777777777778,0.0277777777777778,0.998939043209876
2,U05,0.996913580246914,0.972972972972973,1,0.996527777777778,0.986301369863014,0.00347222222222222,0,0.00173611111111111,0.999903549382716
2,U06,0.996913580246914,0.972972972972973,1,0.996527777777778,0.986301369863014,0.00347222222222222,0,0,1
2,U08,1,1,1,1,1,0,0,0,1
2,U09,0.891975308641975,0.507042253521127,1,0.878472222222222,0.672897196261682,0.121527777777778,0,0.00347222222222222,0.999807098765432
2,U10,0.891975308641975,1,0.0277777777777778,1,0.054054054054054,0,0.972222222222222,0.0243055555555556,0.998456790123457
3,U01,1,1,1,1,1,0,0,0,1
3,U02,1,1,1,1,1,0,0,0,1
3,U03,1,1,1,1,1,0,0,0,1
3,U04,0.996913580246914,1,0.972222222222222,1,0.985915492957746,0,0.0277777777777778,0,1
3,U05,0.996913580246914,0.972972972972973,1,0.996527777777778,0.986301369863014,0.00347222222222222,0,0,1
3,U06,1,1,1,1,1,0,0,0,1
3,U08,0.996913580246914,0.972972972972973,1,0.996527777777778,0.986301369863014,0.00347222222222222,0,0,1
3,U09,0.888888888888889,0.5,0.972222222222222,0.878472222222222,0.660377358490566,0.121527777777778,0.0277777777777778,0.0277777777777778,0.996624228395062
3,U10,0.891975308641975,1,0.0277777777777778,1,0.054054054054054,0,0.972222222222222,0.0555555555555556,0.981288580246914
4,U01,1,1,1,1,1,0,0,0,1
4,U02,0.996913580246914,0.972972972972973,1,0.996527777777778,0.986301369863014,0.00347222222222222,0,0,1
4,U03,0.996913580246914,1,0.972222222222222,1,0.985915492957746,0,0.0277777777777778,0,1
4,U04,0.996913580246914,1,0.972222222222222,1,0.985915492957746,0,0.0277777777777778,0,1
4,U05,0.996913580246914,1,0.972222222222222,1,0.985915492957746,0,0.0277777777777778,0,1
4,U06,1,1,1,1,1,0,0,0,1
4,U08,1,1,1,1,1,0,0,0,1
4,U09,0.885802469135803,0.493150684931507,1,0.871527777777778,0.660550458715596,0.128472222222222,0,0.0277777777777778,0.996238425925926
4,U10,0.891975308641975,1,0.0277777777777778,1,0.054054054054054,0,0.972222222222222,0.00520833333333333,0.999131944444444
5,U01,0.996913580246914,1,0.972222222222222,1,0.985915492957746,0,0.0277777777777778,0.00173611111111111,0.999903549382716
5,U02,0.990740740740741,0.923076923076923,1,0.989583333333333,0.96,0.0104166666666667,0,0,1
5,U03,1,1,1,1,1,0,0,0,1
5,U04,0.981481481481482,0.875,0.972222222222222,0.982638888888889,0.921052631578947,0.0173611111111111,0.0277777777777778,0.0277777777777778,0.998553240740741
5,U05,0.996913580246914,0.972972972972973,1,0.996527777777778,0.986301369863014,0.00347222222222222,0,0.00173611111111111,0.999903549382716
5,U06,0.996913580246914,0.972972972972973,1,0.996527777777778,0.986301369863014,0.00347222222222222,0,0,1
5,U08,1,1,1,1,1,0,0,0,1
5,U09,0.925925925925926,0.6,1,0.916666666666667,0.75,0.0833333333333333,0,0,1
5,U10,0.901234567901235,1,0.111111111111111,1,0.2,0,0.888888888888889,0.00694444444444444,0.996238425925926
6,U01,1,1,1,1,1,0,0,0,1
6,U02,1,1,1,1,1,0,0,0,1
6,U03,1,1,1,1,1,0,0,0,1
6,U04,0.996913580246914,1,0.972222222222222,1,0.985915492957746,0,0.0277777777777778,0.0277777777777778,0.999228395061728
6,U05,0.996913580246914,0.972972972972973,1,0.996527777777778,0.986301369863014,0.00347222222222222,0,0.00173611111111111,0.999807098765432
6,U06,1,1,1,1,1,0,0,0,1
6,U08,0.996913580246914,0.972972972972973,1,0.996527777777778,0.986301369863014,0.00347222222222222,0,0,1
6,U09,0.888888888888889,0.5,0.972222222222222,0.878472222222222,0.660377358490566,0.121527777777778,0.0277777777777778,0.0607638888888889,0.987654320987654
6,U10,0.891975308641975,1,0.0277777777777778,1,0.054054054054054,0,0.972222222222222,0.411458333333333,0.706211419753086
7,U01,1,1,1,1,1,0,0,0,1
7,U02,1,1,1,1,1,0,0,0,1
7,U03,1,1,1,1,1,0,0,0,1
7,U04,0.996913580246914,1,0.972222222222222,1,0.985915492957746,0,0.0277777777777778,0.00173611111111111,0.999903549382716
7,U05,0.996913580246914,0.972972972972973,1,0.996527777777778,0.986301369863014,0.00347222222222222,0,0,1
7,U06,1,1,1,1,1,0,0,0,1
7,U08,1,1,1,1,1,0,0,0,1
7,U09,0.922839506172839,0.590163934426229,1,0.913194444444444,0.742268041237113,0.0868055555555556,0,0.0277777777777778,0.998456790123457
7,U10,0.922839506172839,1,0.305555555555556,1,0.468085106382979,0,0.694444444444444,0.00173611111111111,0.999903549382716
8,U01,0.996913580246914,1,0.972222222222222,1,0.985915492957746,0,0.0277777777777778,0.00347222222222222,0.999807098765432
8,U02,1,1,1,1,1,0,0,0,1
8,U03,1,1,1,1,1,0,0,0,1
8,U04,0.996913580246914,1,0.972222222222222,1,0.985915492957746,0,0.0277777777777778,0.0277777777777778,0.998360339506173
8,U05,0.996913580246914,0.972972972972973,1,0.996527777777778,0.986301369863014,0.00347222222222222,0,0,1
8,U06,0.996913580246914,0.972972972972973,1,0.996527777777778,0.986301369863014,0.00347222222222222,0,0,1
8,U08,0.996913580246914,0.972972972972973,1,0.996527777777778,0.986301369863014,0.00347222222222222,0,0,1
8,U09,0.888888888888889,0.5,0.972222222222222,0.878472222222222,0.660377358490566,0.121527777777778,0.0277777777777778,0.0277777777777778,0.996431327160494
8,U10,0.891975308641975,1,0.0277777777777778,1,0.054054054054054,0,0.972222222222222,0.166666666666667,0.896701388888889
9,U01,1,1,1,1,1,0,0,0,1
9,U02,1,1,1,1,1,0,0,0,1
9,U03,1,1,1,1,1,0,0,0,1
9,U04,0.996913580246914,1,0.972222222222222,1,0.985915492957746,0,0.0277777777777778,0,1
9,U05,0.996913580246914,0.972972972972973,1,0.996527777777778,0.986301369863014,0.00347222222222222,0,0.00173611111111111,0.999807098765432
9,U06,1,1,1,1,1,0,0,0,1
9,U08,1,1,1,1,1,0,0,0,1
9,U09,0.932098765432099,0.620689655172414,1,0.923611111111111,0.765957446808511,0.0763888888888889,0,0.00694444444444444,0.999614197530864
9,U10,0.932098765432099,1,0.388888888888889,1,0.56,0,0.611111111111111,0,1
10,U01,0.996913580246914,1,0.972222222222222,1,0.985915492957746,0,0.0277777777777778,0.00173611111111111,0.999903549382716
10,U02,1,1,1,1,1,0,0,0,1
10,U03,1,1,1,1,1,0,0,0,1
10,U04,0.996913580246914,1,0.972222222222222,1,0.985915492957746,0,0.0277777777777778,0.0260416666666667,0.999324845679012
10,U05,0.996913580246914,0.972972972972973,1,0.996527777777778,0.986301369863014,0.00347222222222222,0,0.00173611111111111,0.999807098765432
10,U06,0.996913580246914,0.972972972972973,1,0.996527777777778,0.986301369863014,0.00347222222222222,0,0,1
10,U08,1,1,1,1,1,0,0,0,1
10,U09,0.938271604938272,0.642857142857143,1,0.930555555555556,0.782608695652174,0.0694444444444444,0,0.0277777777777778,0.997974537037037
10,U10,0.938271604938272,1,0.444444444444444,1,0.615384615384615,0,0.555555555555556,0,1
